{
    "answers": {
        "phase": "deployment",
        "action": "integration testing",
        "scope": "backend", 
        "action experience": "little", 
        "prog lang": "other",
        "other prog lang": "php",
        "tool": "chat gpt 3.x", 
        "other tool": "<fill in>",
        "tool option": "free", 
        "tool experience": "some", 
        "time allocated (h)": "0.2",
        "time saved estimate (h)": "1", 
        "quality of ai help": "minor modifications needed",
        "generic feeling": "great in the future", 
        "notes": "<fill in>"
    }
}