{
    "answers": {
        "phase": "deployment",
        "action": "functional testing", 
        "scope": "frontend",
        "action experience": "fair", 
        "prog lang": "other",
        "other prog lang": "html",
        "tool": "chat gpt 3.x",
        "other tool": "<fill in>",
        "tool option": "free", 
        "tool experience": "enough",
        "time allocated (h)": "0.15",
        "time saved estimate (h)": "0.6", 
        "quality of ai help": "minor modifications needed",
        "generic feeling": "great in the future",
        "notes": "<fill in>"
    }
}