{
    "answers": {
        "phase": "coding", 
        "action": "source code authoring",
        "scope":  "cli", 
        "action experience": "little",
        "prog lang": "python",
        "other prog lang": "<fill in>",
        "tool": "chat gpt 3.x",
        "other tool": "<fill in>",
        "tool option": "free",
        "tool experience": "some",
        "time allocated (h)": "2.3",
        "time saved estimate (h)": "8", 
        "quality of ai help": "major modifications needed",
        "generic feeling": "needs work", 
        "notes": "<fill in>"
    }
}