{
    "answers": {
        "phase": "deployment",
        "action": "functional testing", 
        "scope": "frontend", 
        "action experience":  "none",
        "prog lang": "other",
        "other prog lang": "php",
        "tool": "chat gpt 3.x",
        "other tool": "<fill in>",
        "tool option": "free",
        "tool experience": "some", 
        "time allocated (h)": "0.1",
        "time saved estimate (h)": "0.5", 
        "quality of ai help": "minor modifications needed", 
        "generic feeling": "great in the future",
        "notes": "<fill in>"
    }
}