{
    "answers": {
        "phase": "deployment",
        "action":  "network operations", 
        "scope": "deployment scripts", 
        "action experience": "none",
        "prog lang": "n/a",
        "other prog lang": "<fill in>",
        "tool": "chat gpt 3.x", 
        "other tool": "<fill in>",
        "tool option": "free", 
        "tool experience": "none", 
        "time allocated (h)": "0.2",
        "time saved estimate (h)": "1", 
        "quality of ai help": "ready-to-use",
        "generic feeling": "great as-is", 
        "notes": "<fill in>"
    }
}