{
  "answers": {
    "phase": "testing",
    "action": "functional testing",
    "scope": "test execution scripts",
    "action experience": "little",
    "prog lang": "n/a",
    "other prog lang": "<fill in>",
    "tool": "chat gpt 3.x",
    "other tool": "<fill in>",
    "tool option": "free",
    "tool experience": "none",
    "time allocated (h)": "0.5",
    "time saved estimate (h)": "0",
    "quality of ai help": "major modifications needed",
    "generic feeling": "needs work",
    "notes": "This is one of these cases where the answer is not directly usable but rather offers some guidance as to what to consider for specific problem"
  }
}