{
    "answers": {
        "phase": "coding",
        "action": "source code authoring",
        "scope": "cli",
        "action experience": "little", 
        "prog lang": "python",
        "other prog lang": "<fill in>",
        "tool": "chat gpt 3.x",
        "other tool": "<fill in>",
        "tool option": "free", 
        "tool experience": "some", 
        "time allocated (h)": "0.7",
        "time saved estimate (h)": "3.5", 
        "quality of ai help": "minor modifications needed", 
        "generic feeling": "great in the future",
        "notes": "<fill in>"
    }
}