{
    "answers": {
        "phase": "coding", 
        "action": "source code authoring", 
        "scope": "backend", 
        "action experience": "fair",
        "prog lang": "sql", 
        "other prog lang": "<fill in>",
        "tool": "chat gpt 3.x", 
        "other tool": "<fill in>",
        "tool option": "free", 
        "tool experience": "some",
        "time allocated (h)": "1",
        "time saved estimate (h)": "4", 
        "quality of ai help": "minor modifications needed",
        "generic feeling": "great as-is", 
        "notes": "<fill in>"
    }
}