{
    "answers": {
        "phase": "coding", 
        "action":  "integration testing", 
        "scope": "cli", 
        "action experience": "fair",
        "prog lang": "python",
        "other prog lang": "<fill in>",
        "tool": "chat gpt 3.x",
        "other tool": "<fill in>",
        "tool option": "free",
        "tool experience": "enough",
        "time allocated (h)": "1",
        "time saved estimate (h)": "5", 
        "quality of ai help": "minor modifications needed", 
        "generic feeling": "great in the future", 
        "notes": "<fill in>"
    }
}