{
  "answers": {
    "phase": "coding",
    "action": "source code authoring",
    "scope": "frontend",
    "action experience": "little",
    "prog lang": "js-node",
    "other prog lang": "<fill in>",
    "tool": "chat gpt 3.x",
    "other tool": "<fill in>",
    "tool option": "free",
    "tool experience": "some",
    "time allocated (h)": "0.15",
    "time saved estimate (h)": "1.5",
    "quality of ai help": "minor modifications needed",
    "generic feeling": "great as-is",
    "notes": "The impressive thing is that if you manage to phrase your request in the proper way and its within the area of expertise of the tool then you can do hours of work only by allocating a few minutes"
  }
}