{
    "answers": {
        "phase": "coding", 
        "action": "source code authoring", 
        "scope": "database design", 
        "action experience": "fair",
        "prog lang": "js", 
        "other prog lang": "<fill in>",
        "tool": "chat gpt 3.x", 
        "other tool": "<fill in>",
        "tool option": "free", 
        "tool experience": "master",
        "time allocated (h)": "0.1",
        "time saved estimate (h)": "0.5", 
        "quality of ai help": "ready-to-use", 
        "generic feeling": "great as-is",
        "notes": "<fill in>"
    }
}